id,text
1,The heart of a blue whale is the size of a bumper car.
2,Peanuts are not actually nuts but legumes.
3,A cloud can weigh more than a million pounds.
4,Dead people can get goosebumps.
5,The wood frog can hold its pee for up to eight months.
6,"A bolt of lightning contains enough energy to toast 100,000 slices of bread."
7,The first movie trailer ever shown was in 1913.
8,Fruit flies were the first living creatures sent into space
9,A double rainbow occurs when light is reflected twice inside a raindrop
10,The average lead pencil can draw a line about 35 miles long.
11,Most wasabi used in restaurants is actually horseradish with green food coloring.
12,The inventor of the microwave oven only received 2 dollars for his discovery.
13,The surface of Mars is covered in iron oxide which is why it looks red.
14,A single strand of spider silk is thinner than a human hair but stronger than steel.
15,"The total number of steps in the Eiffel Tower is 1,665."
16,A jiffy is an actual unit of time used in physics.
17,Sharks have been on Earth longer than trees have.
18,The tongue of a blue whale weighs more than an entire elephant.
19,An ostrich's eye is bigger than its brain.
20,There are more possible iterations of a game of chess than there are atoms in the observable universe.
21,The letter Q is the only letter that does not appear in any US state name.
22,Armadillos almost always give birth to identical quadruplets.
23,The fingerprints of koalas are so similar to humans that they have been confused at crime scenes.
24,Sea lions have external ear flaps while seals do not.
25,The national animal of Scotland is the unicorn.
26,A small child could swim through the veins of a blue whale.
27,Tug of war was once an Olympic sport.
28,The smell of freshly cut grass is actually a plant distress call.
29,"Your nose can remember 50,000 different scents."
30,The average person walks the equivalent of five times around the world in their lifetime.
31,The driest place on Earth is in Antarctica.
32,A lightning strike can reach temperatures five times hotter than the surface of the sun.
33,Sloths only poop once a week.
34,The electric chair was invented by a dentist.
35,Human teeth are the only part of the body that cannot heal themselves.
36,The heart of a shrimp is located in its head.
37,Ancient Romans used crushed mouse brains as toothpaste.
38,Russia has a larger surface area than the planet Pluto.
39,The wood pecker can peck 20 times per second.
40,An ant can lift 50 times its own body weight.
41,A cloud can weigh more than a million pounds.
42,The speed of a typical sneeze is about 100 miles per hour.
43,Your brain is constantly eating itself through a process called phagocytosis.
44,The average person spends about two weeks of their life kissing.
45,Human bones are about four times stronger than concrete.
46,A day on Venus is longer than its entire year.
47,The word for the fear of long words is hippopotomonstrosesquippedaliophobia.
48,Honeybees can be trained to detect landmines and explosives.
49,The surface area of your lungs is roughly the same size as a tennis court.
50,Sloths can take up to a month to completely digest a single meal.
51,A bolt of lightning is five times hotter than the surface of the sun.
52,Ancient Romans used to wash their clothes in human urine to remove stains.
53,The tiny pocket in your jeans was originally designed to hold a pocket watch.
54,A single teaspoon of a neutron star would weigh about six billion tons.
55,Wombat droppings are shaped like cubes to stop them from rolling away.
56,Your ears and nose never stop growing throughout your entire life.
57,Tigers have striped skin as well as striped fur.
58,The heart of a blue whale is so large that a human could swim through its arteries.
59,Sea otters have a specialized pocket of skin under their forearms to store their favorite rocks.
60,Every human spent about half an hour of their life as a single cell.
61,There are more trees on Earth than there are stars in the Milky Way galaxy.
62,The total weight of all the ants on Earth is roughly equal to the weight of all humans.
63,Bananas grow toward the sun which is why they have a curved shape.
64,The fingerprints of koalas are so human-like that they have confused forensic experts at crime scenes.
65,Vatican City is the smallest country in the world covering less than half a square kilometer.
66,The first product to ever have a barcode was a pack of Wrigley’s chewing gum.
67,Dolphins give each other unique names that they use to call one another.
68,A group of flamingos is referred to as a flamboyance.
69,The majority of the oxygen on Earth is produced by the ocean rather than rainforests.
70,A group of flamingos is referred to as a flamboyance.
71,Polar bear fur is not actually white but transparent and hollow.
72,Your stomach produces a new layer of mucus every two weeks so it doesn't digest itself.
73,There is a species of jellyfish that can hit the reset button and live forever.
74,The inventor of the Frisbee was turned into a Frisbee after he was cremated.
75,Cows have best friends and experience stress when they are separated from them.
76,It is physically impossible for a pig to look up into the sky.
77,The average person will produce enough saliva in their lifetime to fill two swimming pools.
78,The shortest war in human history lasted only thirty eight minutes.
79,The Great Wall of China is held together by sticky rice mortar.
80,Butterflies taste with their feet to find host plants for their eggs.
81,The first person convicted of speeding was going eight miles per hour.
82,A crocodile cannot stick its tongue out because it is attached to the roof of its mouth.
83,The moon is drifting away from Earth at a rate of about four centimeters per year.
84,Koalas sleep for up to twenty-two hours a day to conserve energy.
85,The inventor of the Pringles can is buried in one.
86,Human hair and fingernails are made of the same protein called keratin.
87,A bolt of lightning is large enough to toast one hundred thousand slices of bread.
88,The world's oldest living land animal is a tortoise named Jonathan born in 1832.
89,Elephants are the only mammals that cannot jump.
90,The surface of a human lung is roughly the same size as a tennis court.
91,A single strand of spider silk is thinner than a human hair but stronger than steel.
92,The average person spends six months of their life waiting for red lights to turn green.
93,Bees can fly higher than Mount Everest.
94,The king of hearts is the only king in a deck of cards without a mustache.
95,A group of owls is called a parliament.
96,Sharks have been on Earth for longer than trees and Saturn's rings.
97,The original name for the search engine Google was Backrub.
98,A jumbo jet uses four thousand liters of fuel just to take off.
99,The human body contains enough carbon to lead nine thousand pencils.
100,Rats laugh when they are tickled but the sound is too high for humans to hear.
101,The state of Florida is actually larger than the country of England.
102,An adult human has two thousand to four thousand taste buds.
103,The first computer mouse was made of wood.
104,Water makes a different sound depending on whether it is hot or cold.
105,The small space between your eyebrows is called the glabella.
106,A hummingbird weighs less than a penny.
107,The city of Istanbul is the only city in the world located on two continents.
108,There are more life forms living on your skin than there are people on the planet.
109,A snail can sleep for up to three years.
110,The dot over the lowercase letter i is called a tittle.
111,The word muscle comes from a Latin term meaning little mouse.
112,Most of the dust in your home is actually dead skin cells.
113,Venus is the only planet in our solar system that rotates clockwise.
114,There are no bridges over the Amazon River.
115,The Great Wall of China is held together by sticky rice mortar.
116,The first movie trailer ever shown was in 1913 for a musical called The Pleasure Seekers.
117,"A bolt of lightning contains enough energy to toast 100,000 slices of bread."
118,The wood frog can hold its pee for up to eight months during the winter.
119,Most wasabi used in restaurants is actually horseradish with green food coloring.
120,The gold in the Earth's core is enough to cover the entire planet in a layer 1.5 feet thick.
121,An octopus has three hearts.
122,The tongue of a woodpecker wraps around its brain to protect it from the impact of pecking.
123,A single strand of spaghetti is technically called a spaghetto.
124,The first person to survive going over Niagara Falls in a barrel was a 63-year-old schoolteacher.
125,Human saliva contains a natural painkiller called opiorphin that is six times more powerful than morphine.
126,The metal part on the end of a pencil that holds the eraser is called a ferrule.
127,There is a permanent thunderstorm in Venezuela that flashes 28 times per minute.
128,There is a permanent thunderstorm in Venezuela that flashes 28 times per minute.
129,Pineapples take about two years to grow to their full size.
130,Some turtles can breathe through their butts during hibernation.
131,"The moon is shaped like a lemon, with bulges at its poles and equator."
132,"A ""butt"" is a traditional unit of volume for wine and whiskey, equal to about 126 gallons."
133,Lobsters used to be so cheap and plentiful that they were served to prisoners and used as fertilizer.
134,Your brain uses about 20 percent of your body's total energy and oxygen.
135,The blob of toothpaste that sits on your toothbrush is called a nudle.
136,There are more possible ways to shuffle a standard deck of cards than there are atoms on Earth.
137,The world's largest desert is actually Antarctica.
138,"A bolt of lightning can reach a temperature of 30,000 kelvins."
139,The average person walks past at least 36 murderers in their lifetime.
140,There is enough DNA in your body to stretch from the Sun to Pluto and back 17 times.
141,"The word ""gymnastics"" comes from the Ancient Greek word ""gymnos,"" which means naked."
142,"Bulls are color-blind to red; they react to the movement of the cape, not the color."
143,The tiny plastic tip at the end of a shoelace is called an aglet.
144,"A cow produces about 200,000 glasses of milk in its lifetime."
145,The total number of keys on a standard piano is 88.
146,Honeybees can recognize human faces.
147,The scent of pumpkin pie is proven to be an aphrodisiac for men.
148,Mount Everest is not the tallest mountain on Earth if measured from base to peak; that honor goes to Mauna Kea.
149,Wombats have extra-thick skin on their backsides to protect them from predators in burrows.
150,The first alarm clock could only ring at 4 a.m.
151,It takes a drop of water 90 days to travel the entire length of the Mississippi River.
152,The giant squid has the largest eyes of any animal on the planet.
153,"Relative to its size, the barnacle has the largest penis in the animal kingdom."
154,The world's smallest mammal is the bumblebee bat.
155,Coca-Cola was the first soft drink ever consumed in space.
156,The average person spends about six months of their life brushing their teeth.
157,"Hot water freezes faster than cold water in certain conditions, a phenomenon known as the Mpemba effect."
158,"The term ""astronaut"" comes from Greek words meaning ""star sailor."""
159,"Your heart beats about 100,000 times a day."
160,"The Eiffel Tower was originally intended for Barcelona, but the city rejected the design."
161,"Elephants can ""hear"" through their feet by sensing seismic vibrations in the ground."
162,There are more possible configurations of a Rubik's Cube than there are seconds since the beginning of the universe.
163,"Crayola means ""oily chalk"" in French."
164,A cat's nose print is as unique as a human fingerprint.
165,"The original Monopoly game featured real estate in Atlantic City, New Jersey."
166,Strawberries are the only fruit that bear their seeds on the outside.
167,The national anthem of Greece has 158 verses.
168,A male emperor penguin can go without eating for up to 120 days while incubating an egg.
169,The world's longest bridge is over 100 miles long and is located in China.
170,Sea sponges have been around for over 500 million years.
171,Humans share 50 percent of their DNA with bananas.
172,An apple can float in water because it is 25 percent air.
173,The first vending machine was invented in Roman Egypt and dispensed holy water.
174,"A zebra is actually white with black stripes, not the other way around."
175,The fingerprints of a koala are so similar to human ones that they have been confused at crime scenes.
176,"A bolt of lightning can reach 30,000 kelvins which is five times hotter than the sun."
177,Sloths can move faster in water than they can on land.
178,The distance from your wrist to your elbow is the same as the length of your foot.
179,A group of crows is called a murder.
180,The original name for the butterfly was flutterby.
181,Humans are the only animals that blush.
182,The moon is 400 times smaller than the sun but also 400 times closer to Earth.
183,A cow can be led upstairs but not downstairs because their knees do not bend that way.
184,The plastic tips on the ends of shoelaces are called aglets.
185,A grizzly bear's bite is strong enough to crush a bowling ball.
186,There is a town in Norway called Hell that freezes over every winter.
187,The tiny pocket in your jeans was originally designed to hold a pocket watch.
188,A single strand of spider silk as thick as a pencil could stop a Boeing 747 in flight.
189,The word oxygen was coined by Antoine Lavoisier in 1777.
190,Your tongue is the only muscle in your body that is attached at only one end.
191,The heart of a blue whale is so large that a human could swim through its arteries.
192,The total number of possible combinations on a standard Rubik's Cube is over 43 quintillion.
193,Wombats are the only animals in the world that have cube-shaped poop.
194,The king of hearts is the only king in a deck of cards without a mustache.
195,A group of flamingos is called a flamboyance.
196,"Honey never spoils and can remain edible for over 3,000 years."
197,The average person spends about six months of their life waiting for red lights to turn green.
198,The first person to reach the South Pole was Roald Amundsen in 1911.
199,A snail can sleep for three years if the weather is too dry.
200,The longest recorded flight of a chicken is 13 seconds.
201,There are more possible iterations of a game of chess than there are atoms in the observable universe.
202,The national animal of Scotland is the unicorn.
203,An adult human has 206 bones while a baby has about 300.
204,The city of Istanbul is the only city in the world located on two continents.
205,There are more life forms living on your skin than there are people on the planet.
206,The dot over the lowercase letter i is called a tittle.
207,The word muscle comes from a Latin term meaning little mouse.
208,A woodpecker can peck 20 times per second without getting a headache.
209,There are no bridges over the Amazon River.
210,The world's oldest living land animal is a tortoise named Jonathan born in 1832.
211,"A bolt of lightning is large enough to toast 100,000 slices of bread."
212,The average cloud contains about 500 tons of water.
213,The infinity symbol is technically called a lemniscate.
214,A single strand of spider silk wrapped around the world would weigh only 17 ounces.
215,"The blue whale is the largest animal to ever live, even bigger than any dinosaur."
216,Peanuts are used as an ingredient in making dynamite.
217,"Cows can sleep standing up, but they can only dream while lying down."
218,"The word ""set"" has the highest number of different definitions in the English dictionary."
219,A cat has 32 muscles in each ear.
220,The moon has its own time zone called Lunar Standard Time.
221,There is a town in Alaska called Talkeetna that had a cat as its mayor for 20 years.
222,The human heart pumps enough blood in a lifetime to fill three supertankers.
223,"In Switzerland, it is illegal to own just one guinea pig because they get lonely."
224,The surface area of a human brain is roughly the size of a pillowcase when flattened.
225,A full NASA space suit costs about 12 million dollars.
226,"A single lightning bolt has enough energy to cook 100,000 pieces of toast."
227,The inventor of the Frisbee was turned into a Frisbee after he was cremated.
228,Bananas are radioactive because they contain high levels of potassium.
229,"The total length of all the blood vessels in an adult body is about 60,000 miles."
230,The small dent in the skin below your nose and above your lip is called the philtrum.
231,A group of porcupines is called a prickle.
232,Honeybees can fly at speeds of up to 15 miles per hour.
233,A single human brain cell can hold five times as much information as the Encyclopedia Britannica.
234,The first orange to arrive in Europe was actually green.
235,There are more possible ways to arrange a deck of cards than there are stars in the galaxy.
236,An ostrich can run faster than a horse.
237,A bolt of lightning is five times hotter than the surface of the sun.
238,Sloths can hold their breath underwater for up to 40 minutes.
239,A group of hippos is called a bloat.
240,"The state of Rhode Island is smaller than the city of Jacksonville, Florida."
241,The moon is drifting away from Earth at a rate of 1.5 inches per year.
242,The average person produces enough saliva in their life to fill two swimming pools.
243,"There is no ""m"" or ""b"" in the entire number sequence from 1 to 999,999,999."
244,The human nose can detect over one trillion different scents.
245,A group of pugs is called a grumble.
246,The first computer was called ENIAC and weighed over 27 tons.
247,"The world's smallest country, Vatican City, has its own post office and currency."
248,A shrimp's heart is located in its head.
249,The Great Wall of China is the only man-made structure visible from the moon (this is a myth; it's not actually visible).
250,"The world's oldest piece of chewing gum is over 9,000 years old."
251,A single tree can provide enough oxygen for two people for a whole year.
252,"The word ""checkmate"" comes from the Persian phrase ""Shah Mat,"" meaning ""the king is dead."""
253,The heart of a blue whale is so big a human could swim through its arteries.
254,A group of jellyfish is called a smack.
255,The first commercial flight took place in 1914 and lasted only 23 minutes.
256,The average person spends about 90 days on the toilet over their lifetime.
257,A group of ferrets is called a business.
258,The human eye can distinguish about 10 million different colors.
259,A bolt of lightning can strike the same place twice.
260,A bolt of lightning can strike the same place twice.
261,"The word ""alphabet"" comes from the first two letters of the Greek alphabet: alpha and beta."
262,The average person walks the equivalent of three times around the world in a lifetime.
263,An octopus has nine brains: one central brain and one in each of its eight arms.
264,The world’s smallest fruit is the size of a grain of sand and comes from the Wolffia plant.
265,"A bolt of lightning can reach a temperature of 30,000 kelvins."
266,"The inventor of the Pringles can, Fredric Baur, is buried in one."
267,The tiny hole at the bottom of a BIC pen cap is there to prevent choking if swallowed.
268,"The original name for the butterfly was ""flutterby."""
269,Your heart is roughly the size of your two hands clasped together.
270,Honeybees can flap their wings 200 times per second.
271,The small dent in the skin between your nose and your upper lip is called the philtrum.
272,"The total number of possible combinations on a standard Rubik's Cube is 43,252,003,274,489,856,000."
273,A group of frogs is called an army.
274,The distance between your thumb and your forefinger is the same as the length of your nose.
275,"The word ""nerd"" was first coined by Dr. Seuss in 1950."
276,A cow can be led upstairs but not downstairs because its knees do not bend that way.
277,The plastic tips on the ends of shoelaces are called aglets.
278,There is a town in Norway called Hell that freezes over every winter.
279,The tiny pocket in your jeans was originally designed to hold a pocket watch.
280,A single strand of spider silk as thick as a pencil could stop a Boeing 747 in flight.
281,Your tongue is the only muscle in your body that is attached at only one end.
282,The average person spends about six months of their life waiting for red lights to turn green.
283,The longest recorded flight of a chicken is 13 seconds.
284,There are more possible iterations of a game of chess than there are atoms in the observable universe.
285,There are more possible iterations of a game of chess than there are atoms in the observable universe.
286,The state of Wyoming only has two sets of escalators in the entire state.
287,"The moon is actually lemon-shaped, not a perfect sphere."
288,Honeybees can recognize human faces.
289,The original name for Bank of America was Bank of Italy.
290,Sea otters hold hands while they sleep so they don't drift apart.
291, Scotland has 421 words for snow.
292,It is impossible to hum while holding your nose.
293,Chewing gum while peeling onions will keep you from crying.
294,"The total length of all the blood vessels in a human body is about 60,000 miles."
295,A group of hippos is called a bloat.
296,Russia has more surface area than Pluto.
297,A jellyfish is 95 percent water.
298,There is a species of jellyfish that is biologically immortal.
299,The Eiffel Tower can be 15 cm taller during the summer due to thermal expansion.
300,Bees can fly higher than Mount Everest.
301,"The word ""nerd"" was first coined by Dr. Seuss."
302,The world’s oldest known recipe is for beer.
303,An eagle can kill a young deer and fly away with it.
304,"A strawberry is not actually a berry, but a banana is."
305,A day on Venus is longer than a year on Venus.
306,The average person spends two weeks of their life kissing.
307,A blue whale's heart only beats nine times per minute.
308,"The inventor of the light bulb, Thomas Edison, was afraid of the dark."
309,"In the UK, it is illegal to handle a salmon in suspicious circumstances."
310,"The word ""set"" has more definitions than any other word in the English language."
311,A group of kittens is called a kindle.
312,"The world's smallest mammal is the bumblebee bat, which weighs less than a penny."
313,It takes 8 minutes and 20 seconds for light to travel from the sun to the Earth.
314,A crocodile can't stick its tongue out.
315,The unique smell of rain is called petrichor.
316,Your skin is the body's largest organ.
317,The tongue is the strongest muscle in the human body relative to its size.
318,"The word ""uncopyrightable"" is the longest English word that can be written without repeating any letters."
319,"A bolt of lightning can reach 30,000 degrees Celsius."
320,The total number of keys on a standard piano is 88.
321,"A cow produces nearly 200,000 glasses of milk in its lifetime."
322,The first car was invented in 1886 by Karl Benz.
323,Humans are the only animals that have chins.
324,The scientific term for brain freeze is sphenopalatine ganglioneuralgia.
325,The heart of a blue whale is so large that a human could swim through its arteries.
326,"The letter ""e"" is the most common letter in the English language."
327,"The Great Wall of China is about 13,171 miles long."
328,A group of ravens is called an unkindness.
329,The first person to reach the North Pole was Robert Peary in 1909.
330,A single strand of spider silk as thick as a pencil could stop a Boeing 747 in flight.
331,The surface area of a human lung is roughly the size of a tennis court.
332,The inventor of the Frisbee was turned into a Frisbee after he was cremated.
333,The scent of pumpkin pie is proven to be an aphrodisiac for men.
334,Mount Everest is not the tallest mountain on Earth if measured from base to peak.
335,It takes a drop of water 90 days to travel the entire length of the Mississippi River.
336,The average person spends about six months of their life brushing their teeth.
337,Hot water freezes faster than cold water in certain conditions.
338,"The term ""astronaut"" comes from Greek words meaning ""star sailor."""
339,There are more possible configurations of a Rubik's Cube than there are seconds since the beginning of the universe.
340,The world's smallest mammal is the bumblebee bat.
341,It takes 8 minutes and 20 seconds for light to travel from the sun to the Earth.
342,The tongue is the strongest muscle in the human body relative to its size.
343,The scientific term for brain freeze is sphenopalatine ganglioneuralgia.
344,It takes a drop of water 90 days to travel the entire length of the Mississippi River.
345,The national anthem of Greece has 158 verses.
346,A male emperor penguin can go without eating for up to 120 days.
347,The world's longest bridge is over 100 miles long and is located in China.
348,A group of turkeys is called a rafter.
349,The heart of a blue whale is so large that its heartbeat can be detected from two miles away.
350,Lighters were invented before matches.
351,A group of rats is called a mischief.
352,The original name for the peace sign was the Nuclear Disarmament symbol.
353,The eye of a giant squid is roughly the size of a dinner plate.
354,A person will lose about 40 pounds of skin in their lifetime.
355,"The total number of hairs on a human head is roughly 100,000."
356,An individual blood cell takes about 60 seconds to make a complete circuit of the body.
357,"The phrase ""sixth sick sheik's sixth sheep's sick"" is believed to be the toughest tongue twister in English."
358,There are more possible ways to shuffle a deck of cards than there are seconds since the Big Bang.
359,The world's largest waterfall is actually underwater in the Denmark Strait.
360,A group of jellyfish is called a smack.
361,A group of stingrays is called a fever.
362,Human teeth are as strong as shark teeth.
363,"A group of peacocks is called a ""muster."""
364,"The original purpose of the ""save"" icon in software is a 3.5-inch floppy disk, which most children today have never seen."
365,"In 1923, a jockey named Frank Hayes won a race at Belmont Park despite being dead; he suffered a heart attack mid-race."
366,"The ""D"" in D-Day doesn't stand for anything specific; it just stands for ""Day,"" a military code for the start of an operation."
367,The 50-star US flag was designed by a 17-year-old for a school project; he originally received a B-minus.
368,"A ""moment"" was a medieval unit of time equal to 90 seconds."
369,"In many parts of the world, ""white noise"" is used, but there is also ""pink noise,"" ""brown noise,"" and ""blue noise"" with different frequencies."
370,"The name ""Adidas"" is not an acronym for ""All Day I Dream About Sport""; it comes from the founder’s name, Adolf ""Adi"" Dassler."
371,"The small plastic piece inside a pizza box is officially called a ""pizza saver."""
372,The human body contains enough fat to make seven bars of soap.
373,"Honey is the only food that includes all the substances necessary to sustain life, including enzymes, vitamins, minerals, and water."
374,"The word ""queue"" is the only word in the English language that is still pronounced the same way when the last four letters are removed."
375,Beetles make up one-quarter of all known animal species on Earth.
376,"The total population of Mars is currently zero, but it is entirely inhabited by robots."
377,"A ""jiffy"" is an actual unit of time used in computer engineering, representing $1/100$th of a second."
378,The original name for New York was New Amsterdam.
379,"Cashew nuts grow on the bottom of a fruit called a ""cashew apple."""
380,"The first person to use an ""@"" symbol in an email was Ray Tomlinson in 1971."
381,"Strawberries are not technically berries, but watermelons and pumpkins are."
382,"The world's smallest mountain is Mount Wycheproof in Australia, standing only 141 feet above the surrounding terrain."
383,Otters have a flap of skin under their front legs that acts like a pocket for storing their favorite rocks.
384,"The human eye is so sensitive that if the Earth were flat and it were a dark night, you could see a candle's flame from 30 miles away."
385,Vultures urinate on their own legs to cool themselves down and kill bacteria.
386,The first novel ever written on a typewriter was Tom Sawyer by Mark Twain.
387,"Japan has over 5 million vending machines, the highest density in the world."
388,"The ""G"" in ""G-string"" refers to the musical note G, as the garment resembles a thin violin string."
389,Kangaroos cannot walk backward.
390,Iceland is the only country in the world that does not have any mosquitoes.
391,The average person will grow about 590 miles of hair in their lifetime.
392,Blueberry plants are one of the few plants on Earth that produce naturally blue pigment.
393,The tongue of a chameleon is twice as long as its entire body.
394,The Sahara Desert expands by about 30 miles every year.
395,Male seahorses are the ones who give birth to their young.
396,Bananas are slightly radioactive because they contain the isotope Potassium-40.
397,An octopus can squeeze through any hole that is larger than its beak.
398,The first Ford cars used engines made by Dodge.
399,Russia has 11 different time zones.
400,The heart of a shrimp is located in its head.
401,"A ""glockenspiel"" is a musical instrument whose name translates from German as ""play of bells."""
402,Polar bears have black skin underneath their white fur to soak up the sun's rays.
403,"The wood frog can survive being frozen solid during winter and then ""thaw"" back to life in the spring."
404,"A group of squirrels is called a ""scurry."""
405,The world's longest wedding veil was longer than 63 football fields.
406,"Pound for pound, wood is stronger than steel."
407,Apples belong to the same family of plants as roses.
408,"The word ""checkmate"" comes from the Persian phrase ""Shah Mat,"" meaning ""the King is helpless."""
409,Elephants are the only animals that cannot jump.
410,"Dolphins have names for each other, consisting of unique whistles."
411,"Nutmeg is a hallucinogen if consumed in large enough quantities, due to a compound called myristicin."
412,"A ""blue moon"" is the second full moon in a single calendar month."
413,"The letter ""Q"" is the only letter that does not appear in the name of any US state."
414,"Scotland has 421 different words for ""snow,"" including ""snaw,"" ""sneesl,"" and ""skelf."""
415,The 100 folds in a chef's hat (toque) represent the 100 ways to cook an egg.
416,"A ""butt"" was a medieval unit of measurement for wine, equal to 126 gallons."
417,The average lead pencil can draw a line about 35 miles long.
418,"Cows have ""best friends"" and get stressed when they are separated."
419,"The ""space"" between your nostrils is called the ""columella nasi."""
420,Iceland does not have a single McDonald's restaurant in the entire country.
421,The tongue of a chameleon is twice as long as its entire body length.
422,Human teeth are the only part of the body that cannot heal themselves.
423,An octopus has three hearts and blue blood.
424,"The small plastic piece in the middle of a pizza box is called a ""pizza saver."""
425,"A group of ferrets is called a ""business."""
426,The sound of a Star Wars lightsaber was created by combining the hum of an old movie projector and interference from a TV set.
427,"The ""G"" in G-string refers to the musical pitch of the string on a violin."
428,The first person to survive going over Niagara Falls in a barrel was a 63-year-old teacher.
429,"A group of lemurs is called a ""conspiracy."""
430,"The word ""alphabet"" comes from the first two letters of the Greek alphabet: Alpha and Beta."
431,"Honey is the only food that will never spoil; edible honey was found in 3,000-year-old Egyptian tombs."
432,"The word ""sarcasm"" comes from the Greek word ""sarkazein,"" which literally means ""to strip the flesh."""
433,The only part of the body with no blood supply is the cornea of the eye; it receives oxygen directly from the air.
434,"A ""clowder"" is the specific collective noun for a group of adult cats."
435,"A ""clowder"" is the specific collective noun for a group of adult cats."
436,The inventor of the Pringles can was buried in one (his ashes were placed in a Pringles can at his request).
437,"A ""pandemonium"" is the collective noun for a group of parrots."
438,"A ""wisdom"" is the collective noun for a group of wombats."
439,"A ""cackle"" is the collective noun for a group of hyenas."
440,"A ""conspiracy"" is the collective noun for a group of lemurs."
441,"The small dent below your nose and above your lip is called the ""philtrum."""
442,The wood frog can hold its pee for up to eight months to survive the winter.
443,"A ""tower"" is the collective noun for a group of giraffes."
444,"A ""crash"" is the collective noun for a group of rhinos."
445,"A ""glaring"" is the collective noun for a group of cats that are strangers to each other."
446,"A ""pod"" is the collective noun for a group of dolphins or whales."
447,"A ""megadeath"" is an actual unit of measurement used in nuclear warfare to describe one million deaths."
448,"The 10th President of the US, John Tyler (born 1790), has a living grandson as of the early 21st century."
449,"The ""clutter"" is the term for a group of spiders."
450,The first fax machine was patented in 1843—decades before the telephone.
451,"A ""mumble"" is the collective noun for a group of moles."
452,The Great Wall of China is held together by a mortar made of sticky rice.
453,"The ""pigeon"" is the only bird that can drink water by sucking it up like a straw."
454,"A ""skulk"" is the collective noun for a group of foxes."
455,The first toy ever advertised on television was Mr. Potato Head.
456,"A ""labor"" is the collective noun for a group of moles (alternating with mumble)."
457,"The ""grawlix"" is the series of symbols (like $@#!%$) used to represent swear words in comics."
458,"A ""gaggle"" only refers to geese when they are on the ground; in the air, they are a ""skein."""
459,"The ""lunula"" is the white, half-moon shape at the base of your fingernail."
460,"A ""streak"" is the collective noun for a group of tigers."
461,"The ""vowelless"" country is Kyrgyzstan (it contains no standard 'a, e, i, o, u' vowels)."
462,"A ""romp"" is the collective noun for a group of otters."
463,"The ""Bayer"" pharmaceutical company originally trademarked the word ""Heroin."""
464,"A ""petechi"" is the term for the tiny red dots that appear on skin from broken capillaries."
465,"The ""standard"" duration of a sitcom (22 minutes) was designed to accommodate 8 minutes of commercials. "
466,"A ""rhumba"" is the collective noun for a group of rattlesnakes."
467,"The ""collywobbles"" is the medical term for a rumbling stomach or ""butterflies."""
468,"A ""shrewdness"" is the collective noun for a group of apes."
469,"The ""first"" person to be profile-featured on a US coin while still alive was Calvin Coolidge."
470,"A ""panting"" is the collective noun for a group of grasshoppers."
471,"The ""canthus"" is the corner of the eye where the upper and lower lids meet."
472,"A ""dazzle"" is the collective noun for a group of zebras."
473,"The ""can opener"" was invented 45 years after the tin can itself."
474,"A ""shadow"" is the collective noun for a group of jaguars."
475,"The ""smallest"" bone in the human body is the stapes, located in the ear."
476,"The ""Pacific Ocean"" was named by Ferdinand Magellan, meaning ""peaceful sea."""
477,"The ""monopoly"" mascot’s full name is Rich Uncle Pennybags."
478,"The ""Barbie"" doll’s full name is Barbara Millicent Roberts."
479,"A ""convocation"" is the collective noun for a group of eagles."
480,"The ""YKK"" on your zipper stands for Yoshida Kogyo Kabushikigaisha."
481,"A ""bed"" is the collective noun for a group of oysters."
482,"The ""first"" computer virus, ""Creeper,"" was created in 1971 as a harmless experiment."
483,"A ""leap"" is the collective noun for a group of leopards."
484,"A ""hover"" is the collective noun for a group of trout."
485,"The""world's"" oldest hotel, Nishiyama Onsen Keiunkan, has been operating since 705 AD."
486,"The ""Bixby Letter"" was a famous letter sent by Abraham Lincoln to a mother who supposedly lost five sons in the Civil War."
487,"A ""fluther"" is the collective noun for a group of jellyfish."
488,"The ""Kármán line"" is the recognized boundary between Earth's atmosphere and outer space, at an altitude of 100 km."
489,"A ""bellowing"" is the collective noun for a group of bullfinches."
490,"The ""H"" in ""Jesus H. Christ"" likely originates from the Greek monogram for Jesus, ""IHS."""
491,"The ""Agatha Christie"" novel And Then There Were None is the best-selling mystery novel of all time."
492,"A ""skulk"" is the collective noun for a group of foxes."
493,"The ""first"" person to be awarded two Nobel Prizes in different sciences was Marie Curie."
494,"A ""pitying"" is the collective noun for a group of turtledoves."
495,"The ""average"" American spends about 2.5 days a year looking for misplaced items."
496,"A ""mustering"" is the collective noun for a group of storks."
497,"The ""original"" color of carrots was purple, not orange."
498,"A ""shrewdness"" is the collective noun for a group of apes."
499,"The ""total"" surface area of the Earth is about 197 million square miles."
500,"A ""tiding"" is the collective noun for a group of magpies."
501,"The ""world's"" most expensive book ever sold was the Codex Leicester by Leonardo da Vinci, bought by Bill Gates."
502,"A ""descension"" is the collective noun for a group of woodpeckers."
503,"A ""mutation"" is the collective noun for a group of thrushes."
504,"The ""first"" frozen food was marketed by Clarence Birdseye in 1930."
505,"A ""pantomime"" is the collective noun for a group of parrots."
506,"The ""largest"" bird nest ever recorded was built by a pair of bald eagles and weighed over two tons."
507,"A ""nye"" is the collective noun for a group of pheasants."
508,"The ""human"" body contains about 0.2 milligrams of gold, mostly in the blood."
509,"The ""first"" recorded mention of the word ""quiz"" was in 1791."
510,"A ""spring"" is the collective noun for a group of teal (ducks)."
511,"The ""Eiffel Tower"" was originally painted yellow."
512,"A ""cete"" is the collective noun for a group of badgers."
513,"The ""average"" human heart will beat more than 2.5 billion times in a lifetime."
514,"A ""clowder"" is the collective noun for a group of cats."
515,"The ""first"" commercial VCR was released in 1956 and was the size of a piano."
516,"The ""word"" ""robot"" was first used in a 1920 play by Karel Čapek."
517,"A ""crash"" is the collective noun for a group of rhinoceroses."
518,"The ""first"" photograph of a person was taken in 1838 by Louis Daguerre."
519,"A ""trip"" is the collective noun for a group of goats."
520,"The ""average"" pencil has enough graphite to write roughly 45,000 words."
521,"A ""gam"" is the collective noun for a group of whales."
522,"The ""first"" pair of Doc Martens was made from discarded rubber from the Luftwaffe."
523,"A ""hover"" is the collective noun for a group of trout."
524,"The ""only"" continent with no active volcanoes is Australia."
525,"A ""siege"" is the collective noun for a group of herons."
526,"The ""first"" webcam was used to monitor a coffee pot at the University of Cambridge."
527,"The ""total"" number of stars in the observable universe is estimated to be $10^{24}$"
528,"A""walk"" is the collective noun for a group of snails."
529,Ketchup was sold in the 1830s as a medicine to treat indigestion and diarrhea.
530,"The ""H"" in ""H&M"" stands for Hennes, which is Swedish for ""Hers."""
531,The strongest muscle in the human body relative to its size is the masseter (the jaw muscle).
532,"The world's oldest airline that is still operating under its original name is KLM, founded in 1919."
533,"A ""scutoid"" is a geometric shape discovered by scientists in 2018 that describes how skin cells pack together."
534,"The first video ever uploaded to YouTube was titled ""Me at the zoo"" on April 23, 2005."
535,The Great Pyramid of Giza was originally covered in highly polished white limestone that reflected the sun like a mirror.
536,"The ""Bluetooth"" technology was named after a 10th-century Viking king, Harald ""Bluetooth"" Gormsson."
537,"The first text message ever sent said ""Merry Christmas"" (sent by Neil Papworth in 1992)."
538,"The ""V"" in ""V8 juice"" stands for the eight different vegetables used in the original recipe."
539,The world’s largest grand piano was built by a 15-year-old in New Zealand and is over 18 feet long.
540,"The ""L"" and ""R"" on headphones weren't standardized until the late 1950s."
541,The first crossword puzzle was published in the New York World newspaper in 1913.
542,"The inventor of the ""CC"" (Carbon Copy) function in email was Ray Tomlinson."
543,The Sahara Desert is actually only about 25 percent sand; the rest is gravel and rock.
544,The human body contains enough iron to make a nail 3 inches long.
545,"The ""M's"" in M&Ms stand for Mars and Murrie, the founders of the company."
546,The first neon sign was displayed at the Paris Motor Show in 1910.
547,"The world's smallest park is Mill Ends Park in Portland, Oregon, measuring only 2 feet across."
548,"The ""Nike"" swoosh logo was designed by a student for only 35 dollars."
549,The first color photograph was taken in 1861 by Thomas Sutton.
550,"The ""E"" in ""e-mail"" was originally capitalized and hyphenated as ""E-mail."""
551,"The world’s longest-running play is The Mousetrap by Agatha Christie, which has been performed since 1952."
552,"The ""QWERTY"" keyboard layout was designed to slow typists down so old typewriters wouldn't jam."
553,"The first electric guitar was nicknamed ""The Frying Pan"" due to its shape."
554,"The world's oldest parliament is the Althing in Iceland, established in 930 AD."
555,"The ""P"" in ""PDF"" stands for ""Portable"" (Portable Document Format)."
556,The first Barbie doll wore a black-and-white striped swimsuit.
557,The world's largest swimming pool is in Chile and covers 20 acres.
558,"The ""A"" in ""A-list"" originally referred to the ""A-list"" of actors kept by major film studios."
559,The first webcam was used at Cambridge University to see if the coffee pot was empty without getting up.
560,The world's shortest international bridge connects an island in the US to an island in Canada and is 32 feet long.
561,"The ""ZIP"" in ZIP code stands for ""Zone Improvement Plan."""
562,The first handheld cellular phone call was made in 1973 by Martin Cooper.
563,The world's largest snowflake ever recorded was 15 inches wide.
564,"The ""T"" in ""T-shirt"" comes from the shape the garment makes when laid flat."
565,"The first modern Olympic Games were held in Athens, Greece, in 1896."
566,"The world's oldest surviving bank is Monte dei Paschi di Siena in Italy, founded in 1472."
567,"The ""SOS"" distress signal does not actually stand for ""Save Our Ship"" or ""Save Our Souls""; it was chosen because it's easy to send in Morse code."
568,The first hard drive could only hold 5 megabytes of data and weighed over a ton.
569,"The world's largest jigsaw puzzle had over 500,000 pieces."
570,"The ""URL"" stands for ""Uniform Resource Locator."""
571,The first person to reach the speed of sound on land was Andy Green in 1997.
572,"The world's oldest tree is a Great Basin bristlecone pine estimated to be over 4,800 years old."
573,"The ""USB"" stands for ""Universal Serial Bus."""
574,"The first movie ever to use the ""Wilhelm Scream"" was Distant Drums in 1951."
575,The world's largest volcano is Mauna Loa in Hawaii.
576,"The ""Wi-Fi"" name doesn't actually stand for anything; it's not ""Wireless Fidelity."""
577,"The first skyscraper was the Home Insurance Building in Chicago, built in 1885."
578,The world's oldest map is a clay tablet from Babylon dating back to 600 BC
579,"The world's oldest customer complaint is a 3,750-year-old clay tablet from Mesopotamia where a man named Nanni complains about the poor quality of copper ore he was sold."
580,"The ""biohazard"" symbol was designed in 1966 by Dow Chemical to be ""meaningless but memorable"" so people would ask what it meant."
581,"A ""pencil"" used to be a very small, fine brush made of animal hair; the word comes from the Latin penicillus, meaning ""little tail."""
582,"The first fax machine was patented by Alexander Bain in 1843, while people were still traveling by Oregon Trail."
583,"The ""command"" key on Apple keyboards uses a Swedish symbol ($⌘$) that marks points of interest on maps (like ancient ruins)."
584,"The Great Fire of London in 1666 only officially killed six people, though thousands lost their homes."
585,"The world's smallest sovereign state, Vatican City, has a railway system that is only 300 meters long."
586,"The word ""samba"" comes from an African word meaning ""a belly blow"" or ""invitation to dance."""
587,The first person to be profile-featured on a US coin while still alive was Calvin Coolidge.
588,"The ""Bluetooth"" symbol is actually a combination of two Viking runes: H ($ᚼ$) and B ($ᛒ$)."
589,"The ""Bluetooth"" symbol is actually a combination of two Viking runes: H ($ᚼ$) and B ($ᛒ$)."
590,The world's most remote ATM is located in Antarctica at McMurdo Station.
591,The first skyscraper (Home Insurance Building in Chicago) was only 10 stories tall.
592,The Eiffel Tower was originally intended to be a temporary structure for the 1889 World's Fair.
593,"The word ""clue"" originally meant a ball of thread (a ""clew""); it gained its modern meaning from the myth of Theseus using thread to escape the Labyrinth."
594,The first vending machine was invented in the 1st century AD and dispensed holy water.
595,The world's oldest hotel has been run by the same family for 52 generations (Nishiyama Onsen Keiunkan).
596,"The ""aglet"" is the plastic or metal casing at the end of a shoelace."
597,The first neon sign was created using neon gas discovered by freezing air until it became a liquid.
598,"The word ""salary"" comes from the Latin salarium, which was money given to Roman soldiers to buy salt."
599,The first webcam was used at the University of Cambridge to monitor the levels in a coffee pot.
600,"The word ""trivia"" comes from the Latin tri-via, meaning ""three roads""—a place where common people met to gossip."
601,The first commercial jet flight took place in 1952 (the de Havilland Comet).
602,"The word ""Pajamas"" comes from the Persian word pay-jama, meaning ""leg garment."""
603,"The ""ZIP"" in ZIP code stands for ""Zone Improvement Plan."""
604,The first color photograph of a tartan ribbon was taken in 1861 by James Clerk Maxwell.
605,"The world's smallest park is Mill Ends Park in Portland, measuring only 2 feet across."
606,"The ""USB"" symbol is based on the trident of Neptune, the Roman god of the sea."
607,"The word ""denim"" comes from the French ""serge de Nîmes,"" meaning fabric from the city of Nîmes."
608,The first digital camera was invented by Kodak in 1975 and was the size of a toaster.
609,"The ""M's"" on M&Ms were originally printed in black."
610,"The word ""candidate"" comes from the Latin candidatus, meaning ""clothed in white"" (as Roman candidates wore white to signify purity)."
611,The first 1-gigabyte hard drive was released in 1980 and weighed 550 pounds.
612,The first 1-gigabyte hard drive was released in 1980 and weighed 550 pounds.
613,"The word ""disaster"" comes from the Greek dis (bad) and aster (star), referring to an unfavorable astrological alignment."
614,The first email was sent by Ray Tomlinson to himself in 1971; he can't remember what it said.
615,"The word ""luxury"" originally meant ""lust"" or ""excess"" in Old French."
616,"The first crossword puzzle was called a ""Word-Cross"" and was shaped like a diamond."
617,"The""word ""whiskey"" comes from the Gaelic uisce beatha, meaning ""water of life."""
618,"The ""clutter"" is the official collective noun for a group of spiders."
619,"A ""gaggle"" only refers to geese when they are on the ground; in the air, they are a ""skein."""
620,"The ""lunula"" is the white, half-moon shape at the base of your fingernail."
621,"A ""streak"" is the collective noun for a group of tigers."
622,"A ""romp"" is the collective noun for a group of otters."
623,"The ""Bayer"" pharmaceutical company originally trademarked the word ""Heroin."""
624,"A ""shrewdness"" is the collective noun for a group of apes."
625,"The ""first"" person to be profile-featured on a US coin while still alive was Calvin Coolidge."
626,"A ""panting"" is the collective noun for a group of grasshoppers."
627,"The ""canthus"" is the corner of the eye where the upper and lower lids meet."
628,"A ""dazzle"" is the collective noun for a group of zebras."
629,"The ""world's"" oldest hotel, Nishiyama Onsen Keiunkan, has been operating since 705 AD."
630,"The moon has a distinct smell that Apollo astronauts described as ""spent gunpowder."""
631,"A ""moment"" was a medieval unit of time equal to 90 seconds."
632,"The first computer programmer was a woman named Ada Lovelace, who wrote an algorithm for a machine in 1843."
633,"A ""scutoid"" is a geometric shape discovered in 2018 that describes how skin cells curve to stay packed together."
634,"A ""nurdle"" is the official name for the pea-sized dab of toothpaste used on a brush."
635,"The ""biohazard"" symbol was designed to be completely meaningless so that people would have to be taught its specific meaning."
636,"The first email was sent by Ray Tomlinson in 1971; he chose the ""@"" symbol to separate the user from the host."
637,"The ""Bakewell Tart"" was created by accident in 1820 when a cook misunderstood a recipe for a strawberry tart."
638,"The King of Prussia, Frederick William I, tried to breed a ""Giant Guard"" by forcing tall men and women to marry."
639,"The world's oldest known musical instrument is a 40,000-year-old flute made from a vulture's bone."
640,"The ""Great Emu War"" of 1932 involved the Australian military losing a ""war"" against emus that were destroying crops."
641,"A ""vampire squirrel"" (the Bornean tufted ground squirrel) is rumored to kill deer by jumping on them from trees."
642,"The ""Gadsden flag"" (Don't Tread on Me) was designed by Christopher Gadsden in 1775."
643,"A ""muntjac"" is a species of deer that has small tusks and barks like a dog."
644,"The ""London Beer Flood"" of 1814 occurred when a massive vat of beer ruptured, killing eight people."
645,"The world's oldest map of the stars was found in a cave in France and dates back 17,000 years."
646,"A ""pogonophile"" is a person who loves or studies beards."
647,"The ""Dancing Plague of 1518"" involved hundreds of people in Strasbourg dancing for days without rest for no known reason."
648,"The first ""underground railway"" (London Underground) opened in 1863 using steam-powered locomotives."
649,"A ""tardigrade"" (water bear) can survive in the vacuum of outer space and endure extreme radiation."
650,"The ""Voynich Manuscript"" is a 15th-century book written in an unknown language that no one has ever decoded."
651,"The world's largest fruit that grows on a tree is the jackfruit, which can weigh up to 100 pounds."
652,"The ""Pony Express"" only lasted for 19 months before being replaced by the telegraph."
653,"A ""narwhal's"" tusk is actually an overgrown tooth that can grow up to 10 feet long."
654,"The ""Great Wall of China"" is not a single continuous wall but a series of walls and fortifications."
655,"The first ""computer bug"" was a literal moth found stuck in a relay of the Harvard Mark II computer in 1947."
656,"A ""quokka"" is known as the ""world's happiest animal"" because of its constant smiling expression."
657,"The ""Emu"" and the ""Red Kangaroo"" are on the Australian Coat of Arms because neither animal can walk backward."
658,"The ""Dead Sea"" is so salty that it is impossible for humans to sink in its water."
659,"A ""slow loris"" is the only venomous primate in the world; it licks a gland on its arm to make its bite toxic."
660,"The ""Liberty Bell"" hasn't been rung since 1846 because the crack became too large."
661,"The ""Mona Lisa"" has no clearly visible eyebrows or eyelashes, possibly due to over-cleaning over the centuries."
662,"The first ""car radio"" was introduced by Motorola in 1930 and cost $130 (about $2,000 today)."
663,"A ""bongo"" is a large, striped forest antelope found in the jungles of Africa."
664,"The ""Icelandic Phallological Museum"" is the only museum in the world dedicated to the study of penises."
665,"The ""first"" digital watch was the Pulsar, released in 1972, and it was made of 18-karat gold."
666,"A ""pangolin"" is the only mammal in the world that is entirely covered in scales."
667,"The ""shortest"" commercial flight in the world is between the islands of Westray and Papa Westray in Scotland, lasting only 90 seconds."
668,"The ""Great Pyramid of Giza"" was the tallest man-made structure in the world for over 3,800 years."
669,"A ""manul"" (Pallas's cat) has the densest fur of any cat species to survive cold mountain altitudes."
670,"The ""first"" person to ever be hit by a meteorite and survive was Ann Hodges in 1954."
671,"A ""shoebill stork"" can stand perfectly still for hours while hunting, making it look like a statue."
672,"The ""Eiffel Tower"" was originally intended to be built in Barcelona, but the city rejected the design."
673,"The ""world's"" largest gold nugget ever found was the ""Welcome Stranger,"" weighing about 158 pounds."
674,"A ""wombat"" has a cartilage plate in its rump that it uses to block its burrow from predators."
675,"The ""first"" crossword puzzle was published in the New York World on December 21, 1913."
676,"A ""lyrebird"" can mimic almost any sound it hears, including chainsaws, car alarms, and camera shutters."
677,"The ""Atacama Desert"" in Chile is the driest place on Earth; some parts have never seen a drop of rain."
678,"The ""first"" 1GB hard drive (IBM 3380) was the size of a refrigerator and weighed 550 pounds."
679,"A ""platypus"" has no stomach; its esophagus connects directly to its intestines."
680,"The ""Lake Hillier"" in Australia is naturally bright pink, and scientists still aren't 100% sure why."
681,"The ""first"" skyscraper (Home Insurance Building in Chicago) was only 138 feet tall."
682,"A""blue-ringed octopus"" is small enough to fit in your hand but carries enough venom to kill 26 humans."
683,"The ""Great Frost"" of 1709 was so cold that the bells in church towers cracked when they were rung."
684,"A ""glockenspiel"" is a percussion instrument whose name literally translates from German as ""set of bells."""
685,"The ""Z"" in ""Cczar"" was originally part of the spelling in English before it was simplified to ""Czar"" or ""Tsar."""
686,"The world's oldest customer service complaint was written on a clay tablet 3,750 years ago by a man unhappy with his copper delivery."
687,"A ""colossus"" was the name for any statue that was at least three times the size of a human."
688,"The ""first"" sunglasses were made by Inuit people out of flattened walrus ivory with narrow slits to block snow glare."
689,"The ""E"" in ""Looney Tunes"" is intentional; the show was originally created to promote Warner Bros. musical compositions."
690,"A ""psithurism"" is the official term for the sound of wind whispering through the leaves of trees."
691,"The ""first"" recipe for ice cream was found in a 17th-century poem by Lady Anne Fanshawe."
692,"The ""world's"" largest volcano is actually under the Pacific Ocean and is called Tamu Massif."
693,"The ""world's"" largest volcano is actually under the Pacific Ocean and is called Tamu Massif."
694,"The ""first"" dictionary in English was written by Robert Cawdrey in 1604 and only contained 2,500 words."
695,"A ""scutoid"" is a geometric shape discovered by scientists in 2018 that describes how skin cells pack together."
696,"The ""first"" person to be hit by a car in the US was Henry Bliss in 1899; he was stepping off a streetcar."
697,"The ""world's"" longest-running laboratory experiment is the Pitch Drop Experiment, which has been running since 1927."
698,"A ""frazil"" is a collection of needle-like ice crystals that form in turbulent, supercooled water."
699,"The ""first"" artificial satellite, Sputnik 1, was only about the size of a beach ball."
700,"A ""syzygy"" is the astronomical term for when three celestial bodies (like the Sun, Earth, and Moon) align in a straight line."
701,"The ""world's"" smallest reptile is the Brookesia nana chameleon, which is less than an inch long."
702,"A ""crucian carp"" can survive for months without oxygen by converting lactic acid into alcohol."
703,"The ""first"" modern pencil was invented in 1795 by Nicolas-Jacques Conté using a mixture of clay and graphite."
704,"A ""thaumatrope"" was a popular Victorian toy that used a spinning disk to create an optical illusion."
705,"The ""world's"" deepest postbox is in Susami Bay, Japan, and is located 10 meters underwater."
706,"A ""mummified"" dinosaur was found in Canada in 2011 with its skin and scales still intact."
707,"The ""first"" recorded use of the word ""hello"" as a greeting was in 1827."
708,"A ""moonbow"" is a rare rainbow produced by moonlight rather than direct sunlight."
709,"The ""world's"" largest living organism is a fungus in Oregon that covers over 2,300 acres."
710,"A ""tarantula"" can live for up to two years without eating a single thing."
711,"The ""first"" use of a ""towed"" sonar was developed by the British during WWI to detect submarines."
712,"A ""xerophyte"" is a plant that has adapted to survive in an environment with very little liquid water."
713,"The ""world's"" oldest known living tree is a bristlecone pine named Methuselah, estimated to be 4,855 years old."
714,"A ""bolide"" is an exceptionally bright meteor that explodes in the atmosphere."
715,"The ""first"" successful human blood transfusion was performed by Dr. James Blundell in 1818."
716,"A ""vituperative"" person is someone who uses harsh and abusive language."
717,"The ""world's"" largest cave, Son Doong in Vietnam, is so big it has its own localized weather system and clouds."
718,"A ""quip"" was originally a 16th-century term for a smart-aleck remark."
719,"The ""first"" color motion picture process, Kinemacolor, was commercialized in 1908."
720,"A ""bristlecone"" pine tree grows so slowly that its wood is too dense for most insects to bore into."
721,"The ""world's"" largest flower, the Rafflesia arnoldii, can grow to be three feet across and smells like rotting meat."
722,"A ""glabella"" is the smooth part of the forehead located between the eyebrows."
723,"The ""first"" recorded mention of the ""Abominable Snowman"" was by a British explorer in 1921."
724,"A ""pando"" is a colony of quaking aspen trees in Utah that all share a single massive root system."
725,"The ""world's"" quietest room is at Microsoft’s headquarters; it is so quiet you can hear your own heartbeat and blood flowing."
726,"A ""cabybara"" is the world's largest rodent and is actually semi-aquatic with webbed feet."
727,"The ""first"" crossword puzzle was called a ""Word-Cross"" and was shaped like a diamond."
728,"A ""narwhal"" tusk is actually a tooth that grows through the whale's upper lip."
729,"The ""Arctic Tern"" has the longest migration of any animal, flying from the Arctic to the Antarctic and back every year—a distance of about 44,000 miles."
730,"The ""first"" neon sign was displayed at the Paris Motor Show in 1910."
731,"The ""first"" neon sign was displayed at the Paris Motor Show in 1910."
732,"The ""world's"" largest scale model of the Solar System spans the entire country of Sweden."
733,"The ""first"" person to reach the South Pole was Roald Amundsen in 1911."
734,"A ""coelacanth"" is a prehistoric fish that was thought to be extinct for 65 million years until one was caught in 1938."
735,"The ""Great Blue Hole"" in Belize is a massive underwater sinkhole that is over 400 feet deep."
736,"The ""first"" color photograph of a human was taken in 1861, though the process was extremely complicated."
737,"The ""world's"" oldest piece of figurative art is a 45,000-year-old painting of a pig found in a cave in Indonesia."
738,"The ""first"" commercial microwave (the Radarange) was 6 feet tall and weighed 750 pounds."
739,"A ""quokka"" mother will drop her baby to distract a predator so she can escape."
740,"The ""first"" computer mouse was invented by Douglas Engelbart in 1964 and was made of a wooden shell with two metal wheels."
741,"A ""sea cucumber"" can turn its body into a liquid-like state to squeeze through small gaps and then solidify again."
742,"The ""world's"" most remote island is Tristan da Cunha; the nearest inhabited land is over 1,500 miles away."
743,"The ""first"" skyscraper to have more than 100 floors was the Empire State Building."
744,"A ""bowerbird"" builds elaborate huts and decorates them with blue objects to attract a mate."
745,"The ""world's"" largest cave is Son Doong in Vietnam, which has its own jungle and river inside."
746,"The ""first"" successful appendectomy was performed in 1735 by a French surgeon named Claudius Amyand."
747,"A ""glass wing butterfly"" has transparent wings because the tissue between its veins lacks colored scales."
748,"The ""world's"" deepest point in the ocean is the Challenger Deep, reaching roughly 36,000 feet down."
749,"The ""first"" hard drive with a capacity of 1GB (the IBM 3380) cost $\$40,000$ in 1980."
750,"A ""kakapo"" is the world’s only flightless parrot and is also the heaviest parrot species."
751,"The ""first"" use of ""X-rays"" for medical purposes was just months after their discovery in 1895."
752,"A ""mimic octopus"" can impersonate the physical appearance and movements of more than 15 different marine species."
753,"The ""world's"" oldest living land animal is Jonathan the tortoise, who is over 190 years old."
754,"The ""first"" text message was sent over the Vodafone network in the UK in 1992."
755,"A ""starfish"" (sea star) can regrow its entire body from just a single severed arm."
756,"The ""world's"" largest salt flat is the Salar de Uyuni in Bolivia, containing over 10 billion tons of salt."
757,"The ""first"" motorized flight by the Wright brothers in 1903 lasted only 12 seconds."
758,"A ""platypus"" is one of the few mammals that can sense electric fields to find prey (electroreception)."
759,"The ""world's"" highest waterfall is Angel Falls in Venezuela, with a height of 3,212 feet."
760,"A ""wood frog"" can survive being frozen solid for weeks; its heart actually stops beating."
761,"The ""world's"" longest mountain range is actually underwater (the Mid-Ocean Ridge)."
762,"The ""first"" person to walk in space was Alexei Leonov in 1965."
763,"A ""sloth"" moves so slowly that algae actually grows on its fur, providing camouflage."
764,"The ""world's"" most expensive spice by weight is saffron, which comes from the crocus flower."
765,"The ""first"" digital camera was built by Steve Sasson at Kodak and took 23 seconds to record a single image."
766,"A ""peregrine falcon"" is the fastest animal on Earth, reaching speeds of over 200 mph during a dive."
767,"The ""world's"" oldest parliament still in existence is the Althing in Iceland."
768,"The ""first"" vending machine was used in 1st-century Roman Egypt to dispense holy water."
769,"A ""mantis shrimp"" can strike with the force of a $.22$ caliber bullet."
770,"The ""world's"" largest tree by volume is General Sherman, a giant sequoia in California."
771,"The ""first"" crossword puzzle was published in the New York World in 1913."
772,"A ""narwhal"" tusk is actually a sensory organ with millions of nerve endings."
773,"The ""world's"" largest stadium is the Rungrado 1st of May Stadium in North Korea, seating 114,000 people."
774,"The""first"" modern Olympic Games were held in Athens in 1896"
775,"The ""Great Mosque of Djenné"" in Mali is the largest mud-brick building in the world and is replastered by the entire community every year."
776,"A ""mirage"" is not an hallucination; it is a real optical phenomenon caused by the refraction of light through air layers of different temperatures."
777,"The ""first"" person to reach the ""Pole of Inaccessibility"" (the point in Antarctica furthest from any ocean) was a Soviet team in 1958."
778,"A ""klaxon"" is the technical name for a powerful electric horn that produces a ""ga-loo-ga"" sound."
779,"The ""world's"" largest steam locomotive, the ""Big Boy,"" was 132 feet long and weighed 1.2 million pounds."
780,"A ""wunderkammer"" (cabinet of curiosities) was the precursor to the modern museum, filled with eclectic natural and historical objects."
781,"The ""first"" recorded use of a ""trench coat"" was by British officers during the Boer War, long before WWI."
782,"A ""coelanth"" has a ""rostral organ"" in its snout that allows it to detect the electric fields of prey, similar to a shark."
783,"The ""world's"" deepest hotel room is located in the Sala Silver Mine in Sweden, 155 meters underground."
784,"A ""paternoster"" is a passenger elevator which consists of a chain of open compartments that move slowly in a loop without stopping."
785,"A ""glacier"" can move as fast as 30 meters per day or as slow as $0.5$ centimeters per year."
786,"The ""world's"" most expensive material is Antimatter, estimated to cost roughly $62.5$ trillion dollars per gram."
787,"A ""bolometer"" is a sensitive instrument used to measure the power of incident electromagnetic radiation by the heating of a material."
788,"The ""first"" recorded ""strike"" in history occurred in ancient Egypt when artisans building the Royal Tomb at Deir el-Medina walked off the job because their grain rations were late."
789,"A ""fata morgana"" is a complex form of superior mirage that can make ships or islands appear to be floating or stretched vertically."
790,"The ""world's"" largest jigsaw puzzle ever completed had 551,232 pieces."
791,"A ""stegosaurus"" had a brain roughly the size and shape of a bent hot dog."
792,"The ""first"" safety elevator was demonstrated by Elisha Otis in 1854 when he cut the hoisting rope to prove the brake worked."
793,"A ""circumzenithal arc"" is a rare optical phenomenon that looks like an upside-down rainbow high in the sky."
794,"The ""world's"" highest town is La Rinconada in Peru, located at an altitude of 5,100 meters above sea level."
795,"A ""pneumatic tube"" system was used by the New York City postal service to move mail underground at 30 mph until 1953."
796,"The ""first"" artificial heart, the Jarvik-7, was successfully implanted into a human patient in 1982."
797,"A ""stope"" is the open space left in an underground mine when the desired ore has been removed."
798,"The ""world's"" longest continuous rail journey is the Trans-Siberian Railway, covering 5,772 miles."
799,"The ""first"" transatlantic radio signal was sent by Guglielmo Marconi in 1901 from England to Newfoundland."
800,"A ""caldera"" is a large cauldron-like hollow that forms shortly after the emptying of a magma chamber in a volcanic eruption."
801,"A ""theremin"" is the only musical instrument played without any physical contact from the performer."
802,"The ""world's"" largest passenger ship, Icon of the Seas, is five times the size of the Titanic."
803,"A ""fulgurite"" (petrified lightning) is a glass tube formed when lightning strikes silica-rich sand or soil."
804,"The ""first"" mass-produced ""plastic"" was Bakelite, invented in 1907 by Leo Baekeland."
805,"A ""geoglyph"" is a large design or motif produced on the ground, such as the famous Nazca Lines in Peru."
806,"The ""world's"" largest man-made lake by surface area is Lake Volta in Ghana."
807,"A ""haboob"" is a type of intense dust storm carried on an atmospheric gravity current, common in arid regions."
808,"The ""first"" digital calculator, the Anita MK 8, was released in 1961 and used vacuum tubes."
809,"A ""queltz"" is the technical term for the hollow, tubular structure of a bird's feather."
810,"The ""world's"" largest sub-polar desert is the Gobi Desert, which is expanding due to desertification."
811,"A ""bathyscaphe"" is a free-diving self-propelled deep-sea submersible, such as the Trieste."
812,"The ""first"" successful ""heart transplant"" was performed by Christiaan Barnard in Cape Town in 1967."
813,"A ""karst"" is a topography formed from the dissolution of soluble rocks such as limestone, characterized by sinkholes and caves."
814,"The ""world's"" longest fence, the Dingo Fence in Australia, is 3,488 miles long."
815,"The ""world's"" longest fence, the Dingo Fence in Australia, is 3,488 miles long."
816,"The ""first"" human-made object to break the sound barrier was actually the tip of a whip."
817,"A ""monolith"" is a geological feature consisting of a single massive stone or rock."
818,"The ""world's"" oldest university in continuous operation is the University of al-Qarawiyyin in Morocco, founded in 859 AD."
819,"A ""sextant"" is a doubly reflecting navigation instrument that measures the angular distance between two visible objects."
820,"The ""first"" synthetic dye, mauveine, was discovered by accident by 18-year-old William Henry Perkin while he was trying to cure malaria."
821,"The ""first"" synthetic dye, mauveine, was discovered by accident by 18-year-old William Henry Perkin while he was trying to cure malaria."
822,"The ""world's"" largest canyon is the Yarlung Tsangpo Grand Canyon in Tibet, which is significantly deeper than the Grand Canyon."
823,"A""telomere"" is a region of repetitive DNA sequences at the end of a chromosome, which protects the end of the chromosome from deterioration."
824,"The ""Scholastic"" book company owns the rights to the word ""Muggle."""
825,"A ""glimmer"" is the specific collective noun for a group of goldfish."
826,"The ""first"" color ever produced by the universe shortly after the Big Bang was a warm, orange-white glow, not black."
827,"A ""colophon"" is the technical term for the publisher's emblem or logo found on the spine or title page of a book."
828,"The ""world's"" oldest known map of the night sky is the Nebra Sky Disk, a bronze disk with gold leaf symbols from 1600 BC."
829,"A""jiffy"" in physical chemistry is the time it takes light to travel the distance of one nucleon"
830,"The ""first"" person to be buried in Westminster Abbey was King Edward the Confessor in 1066."
831,"A ""vituperative"" person is someone who uses harsh and abusive language, a term originating from Latin vituperare."
832,"The ""world's"" largest gold coin was minted by the Perth Mint in 2011; it is 31 inches wide and weighs one metric ton."
833,"A ""lethologica"" is the psychological phenomenon of being unable to remember a specific word or name."
834,"The ""first"" internal combustion engine was fueled by gunpowder, designed by Christiaan Huygens in 1673."
835,"A ""psithurism"" is the sound of wind whispering through trees, derived from the Greek psithuros (whispering)."
836,"The ""world's"" largest colony of bats lives in Bracken Cave, Texas, containing over 20 million Mexican free-tailed bats."
837,"A ""tinnitus"" sufferer hears sound when no external sound is present; the word comes from the Latin tinnire, meaning ""to ring."""
838,"The ""first"" recorded use of a ""hashtag"" ($#$) in social media was by Chris Messina in a tweet in 2007."
839,"A ""parsec"" is a unit of distance used in astronomy equal to about 3.26 light-years."
840,"The ""world's"" deepest mine is the Mponeng Gold Mine in South Africa, extending 2.5 miles below the surface."
841,"A ""quincunx"" is a geometric pattern consisting of five points arranged in a cross, like the five-dice face."
842,"The ""first"" recorded ""Olympic"" champion was Coroebus of Elis, a cook who won the footrace in 776 BC."
843,"A ""limnologist"" is a scientist who specifically studies inland waters like lakes, ponds, and rivers."
844,"The ""world's"" largest steam-powered clock is located in Gastown, Vancouver, and whistles every 15 minutes."
845,"A ""gnomon"" is the part of a sundial that casts the shadow."
846,"The ""first"" commercial ""SMS"" message was sent over a GSM network by a developer to a director at Vodafone."
847,"A ""paresthesia"" is the medical term for the ""pins and needles"" sensation when a limb ""falls asleep."""
848,"The ""world's"" oldest bridge still in use is the Caravan Bridge in Turkey, built around 850 BC."
849,"A ""syzygy"" occurs when three celestial bodies, such as the Sun, Earth, and Moon, align in a straight line."
850,"The ""first"" patent for a ""revolving door"" was granted to Theophilus Van Kannel in 1888 to avoid social ""chivalry"" of holding doors open."
851,"A ""petrichor"" is the earthy scent produced when rain falls on dry soil, caused by the oil geosmin."
852,"The ""world's"" largest flower that does not smell like rotting meat is the Queen of the Andes, which can reach 40 feet tall."
853,"A ""uxoricide"" is the act of killing one's own wife, while ""mariticide"" is the act of killing one's husband."
854,"The ""first"" woman to win a Nobel Prize was Marie Curie in 1903 (Physics)."
855,"A ""vorticity"" is a pseudovector field that describes the local spinning motion of a continuum at a point."
856,"The ""world's"" largest ""beaver dam"" is located in Wood Buffalo National Park, Canada, and is visible from space."
857,"A ""susurrus"" is a low, soft whispering or rustling sound."
858,"The ""first"" city to reach a population of one million people was ancient Rome in 133 BC."
859,"A ""triskaidekaphobia"" is the extreme fear of the number 13."
860,"The ""world's"" highest capital city is La Paz, Bolivia, sitting at 11,942 feet above sea level."
861,"A ""proboscis"" is the elongated sucking mouthpart of an insect or the trunk of an elephant."
862,"The ""first"" book printed in English was The Recuyell of the Historyes of Troye by William Caxton in 1473."
863,"A ""xeric"" environment is one that is extremely dry, such as a desert."
864,"The ""world's"" longest animal is the Siphonophore, a deep-sea creature that can reach 150 feet in length."
865,"A ""zephyr"" is a soft, gentle breeze, named after Zephyrus, the Greek god of the west wind."
866,"The ""first"" successful ""supersonic"" flight was achieved by Chuck Yeager in 1947 in the Bell X-1."
867,"A ""yob"" (slang for a rowdy person) is actually ""boy"" spelled backward, originating from Victorian backslang."
868,"The ""world's"" largest ""hot desert"" is the Sahara, but it is only the third largest desert overall behind Antarctica and the Arctic."
869,"A ""wunderkind"" is a person who achieves great success when they are very young."
870,"The ""first"" recorded ""solar eclipse"" was documented by Chinese astronomers over 4,000 years ago."
871,"A ""vellum"" is a high-quality parchment made from the skin of a young calf."
872,"The ""world's"" most widely translated book is the Bible, followed by The Little Prince."
873,"A""standard"" measure for the spiciness of peppers is the Scoville scale, invented by Wilbur Scoville in 19"
874,"The ""first"" feature film ever made was the 70-minute Australian movie The Story of the Kelly Gang in 1906."
875,"A ""limpet's"" teeth are made of goethite, which is officially the strongest biological material ever discovered, surpassing spider silk."
876,"The ""first"" person to ever be convicted of speeding was Walter Arnold in 1896; he was going 8 mph in a 2 mph zone."
877,"A ""haboob"" is a giant wall of dust pushed along the ground by a thunderstorm's downdraft, common in the Sahara and Arizona."
878,"The ""world's"" oldest living animal is a 507-year-old quahog clam named Ming, who was accidentally killed by scientists trying to determine its age."
879,"A ""seiche"" is a standing wave in an enclosed body of water, like a lake, that sloshes back and forth due to atmospheric pressure changes."
880,"A ""volvelle"" is a medieval ""paper computer"" with rotating parts used for calculating astronomical positions."
881,"The ""world's"" largest organ (the musical instrument) is the Boardwalk Hall Auditorium Organ, featuring 33,112 pipes."
882,"A ""thundersnow"" is a rare weather event where lightning and thunder occur during a snowstorm rather than rain."
883,"The ""first"" recorded ""pirate"" in history was a woman named Queen Teuta of Illyria, who commanded a fleet in 230 BC."
884,"A ""glory"" is an optical phenomenon that looks like a circular rainbow around the shadow of your own head, often seen from airplanes."
885,"The ""world's"" most remote point from any ocean is the Eurasian Pole of Inaccessibility, located in northwestern China."
886,"A ""pingo"" is a massive mound of earth-covered ice in the Arctic that can grow to the size of a small hill."
887,"The ""first"" patent for a ""telescope"" was filed by Hans Lippershey in 1608, but he was actually denied the patent."
888,"A ""solenoid"" is a coil of wire that acts as a magnet when an electric current passes through it."
889,"The ""world's"" deepest shipwreck ever discovered is the USS Johnston, sitting 21,180 feet below the surface."
890,"A ""krummholz"" is the name for trees that have been stunted and deformed by extreme wind and cold near the treeline."
891,"The ""first"" person to fly across the English Channel was Louis Blériot in 1909."
892,"A ""frazil"" is a slushy collection of ice crystals that forms in supercooled, fast-moving water."
893,"The ""world's"" largest island within a lake, on an island within a lake, on an island, is located in the Philippines (Vulcan Point)."
894,"A ""bolometer"" is a device used to measure the power of incident electromagnetic radiation via heating."
895,"A ""tessellation"" is a pattern of shapes that fits together perfectly without gaps or overlaps, like a honeycomb."
896,"The ""world's"" shortest international border is only 85 meters long, connecting Morocco to the Spanish territory of Peñón de Vélez de la Gomera."
897,"A ""cryovolcano"" is a volcano that erupts volatiles such as water, ammonia, or methane, instead of molten rock (found on icy moons)."
898,"The ""first"" recorded ""lottery"" was held in the Low Countries in the 15th century to raise money for town fortifications."
899,"A ""parallax"" is the displacement or difference in the apparent position of an object viewed along two different lines of sight."
900,"The ""world's"" largest ""underground city"" is Derinkuyu in Turkey, which could once house 20,000 people."
901,"A ""mondegreen"" is a misheard word or phrase that creates a new meaning, often in song lyrics."
902,"The ""first"" person to survive a fall from the Empire State Building was Elvita Adams in 1979; a gust of wind blew her onto a ledge one floor down."
903,"A ""lenticular"" cloud is a lens-shaped cloud that forms at high altitudes, often mistaken for a UFO."
904,"The ""world's"" oldest ""living"" brand is the Kongo Gumi construction company in Japan, founded in 578 AD."
905,"A ""geyser"" requires a unique combination of water, heat, and a plumbing system made of pressure-resistant silica."
906,"The ""first"" ""revolving"" restaurant was built in the Florianturm telecommunications tower in Germany in 1959."
907,"A ""scordatura"" is a technique in music where string instruments are tuned to non-standard notes for a specific piece."
908,"The ""world's"" largest ""boulder"" is Mount Augustus in Australia (it is twice the size of Uluru)."
909,"A ""phenology"" is the study of periodic plant and animal life cycle events as they are influenced by variations in climate."
910,"The ""first"" person to reach the ""Challenger Deep"" solo was James Cameron in 2012."
911,"A ""yottameter"" is the largest official unit of distance in the metric system"
912,"The ""world's"" loudest ""animal"" relative to its size is the water boatman bug, which makes a sound of 99 decibels by rubbing its parts together."
913,"A ""quincunx"" is the arrangement of five objects in a square with one in the middle, like the number 5 on a die."
914,"The ""first"" ""web"" browser was actually called WorldWideWeb (no spaces) and was created by Tim Berners-Lee in 18 days."
915,"A ""zephyr"" specifically refers to a light wind blowing from the west."
916,"The ""world's"" longest ""alphabet"" is the Khmer alphabet from Cambodia, with 74 letters."
917,"A ""sphygmomanometer"" is the technical name for the cuff used by doctors to measure blood pressure."
918,"The ""first"" ""commercial"" jetliner was the de Havilland Comet, which entered service in 1952."
919,"A ""nadir"" is the point on the celestial sphere directly below an observer, opposite the zenith."
920,"The ""world's"" largest ""delta"" is the Ganges-Brahmaputra Delta in India and Bangladesh."
921,"A""stochastic"" process is one where the outcome is determined by a random probability distribution."
922,"The ""Athanasius Kircher"" cat organ was a 17th-century hypothetical instrument that would pull cats' tails to produce different pitches."
923,"A ""quipu"" was an ancient Incan device made of knotted strings used to record data and accounts without a written alphabet."
924,"The ""first"" person to be profile-featured on a US coin while still alive was Calvin Coolidge in 1926."
925,"A ""varda"" is a Romani word for a caravan, which entered British slang as ""vardo."""
926,"The ""world's"" largest vacuum chamber is at NASA’s Plum Brook Station; it is 100 feet wide and 122 feet tall."
927,"The ""first"" transatlantic flight was actually completed by Alcock and Brown in 1919, eight years before Charles Lindbergh’s solo flight."
928,"A ""lithops"" is a genus of succulent plants from Africa that look exactly like small stones to avoid being eaten."
929,"The ""world's"" shortest commercial runway is at Juancho E. Yrausquin Airport on the island of Saba, measuring only 1,312 feet."
930,"A ""sphenopalatine ganglioneuralgia"" is the scientific term for a ""brain freeze"" caused by eating cold food too fast."
931,"The ""first"" use of ""biological warfare"" occurred in 1346 when the Mongol army catapulted plague-infested corpses over the walls of Caffa."
932,"A ""pipsissewa"" is a small evergreen plant used in the original flavoring of some root beers."
933,"The ""world's"" deepest hole ever dug by humans is the Kola Superdeep Borehole in Russia, reaching 40,230 feet (7.6 miles) down."
934,"A ""tritium"" exit sign can glow for over 10 years without any electricity or batteries due to radioactive decay."
935,"The ""first"" recorded ""strike"" in history was by Egyptian tomb builders in 1152 BC because their grain rations were delayed."
936,"A ""scordatura"" is an alternative tuning for a string instrument, used by composers like Mahler to change the instrument's timbre."
937,"The ""world's"" largest ""kinetic sculpture"" is the ""Strandbeests"" created by Theo Jansen, which walk across beaches using only wind power."
938,"A ""pnumatic"" dispatch system was once used in New York City to move up to 200,000 letters per hour in underground tubes."
939,"The ""first"" ""revolving door"" was patented in 1888 by Theophilus Van Kannel because he hated the social obligation of holding doors for people."
940,"A ""crepuscular"" animal is one that is primarily active during twilight (dawn and dusk), such as deer or fireflies."
941,"The ""world's"" largest ""brick"" building is the Malbork Castle in Poland, built by the Teutonic Knights."
942,"A ""fipple"" is the mouthpiece of a recorder or whistle that directs air against a sharp edge to produce sound."
943,"The ""first"" ""programmable"" machine was a 1st-century AD automated theater display created by Hero of Alexandria."
944,"A ""thaumatrope"" is an optical toy from the 19th century that uses a spinning disk to merge two images into one."
945,"The ""world's"" most isolated tree was the Tree of Ténéré in Niger, which was the only tree for 250 miles until a drunk truck driver hit it in 1973."
946,"A ""kurtosis"" is a statistical measure used to describe the ""tailedness"" of a probability distribution."
947,"The ""first"" ""underwater"" cable was laid across the English Channel in 1850 to transmit telegraph signals."
948,"A ""synecdoche"" is a figure of speech in which a part is made to represent the whole, such as saying ""hired hands"" for workers."
949,"The ""world's"" oldest ""customer complaint"" is a 3,750-year-old clay tablet from a customer named Nanni who was angry about poor-quality copper."
950,"The ""first"" ""non-stop"" balloon flight around the world was completed by Bertrand Piccard and Brian Jones in 1999."
951,"A ""grawlix"" is the string of symbols (like $#@!%$) used in comics to represent profanity."
952,"The ""world's"" largest ""salt flat"" is the Salar de Uyuni in Bolivia, which is so flat it is used to calibrate satellite altimeters."
953,"A ""mnemonist"" is an individual with the ability to remember unusually long lists of data or information."
954,"The ""first"" ""digital"" wristwatch was the Hamilton Pulsar, released in 1972; it cost more than a car at the time."
955,"A ""parallax"" error occurs when the position of an object appears to differ when viewed from different angles."
956,"The ""world's"" largest ""diamond"" ever found was the Cullinan Diamond, which weighed 3,106 carats (about 1.37 pounds)."
957,"The ""first"" ""successful"" cesarean section where both mother and child survived was performed in 1794 in Virginia."
958,"A ""pognophile"" is a person who is particularly fond of beards."
959,"The ""world's"" largest ""iceberg"" ever recorded was Iceberg B-15, which was larger than the island of Jamaica."
960,"A ""mondegreen"" is a misheard word or phrase that gives a new meaning to a song lyric or poem."
961,"The ""world's"" oldest ""living"" organism is technically Pando, a colony of quaking aspens in Utah sharing one root system."
962,"A ""borborygmus"" is the medical term for the rumbling or gurgling noise made by the movement of gas in the intestines."
963,"The ""first"" ""patent"" for a ""bicycle"" (then called a velocipede) was granted to Pierre Lallement in 1866."
964,"The ""world's"" highest ""unclimbed"" mountain is Gangkhar Puensum in Bhutan, which is off-limits for religious reasons."
965,"The ""Great Stink"" of 1858 in London was so pungent due to untreated human waste in the Thames that Parliament had to soak their curtains in chloride of lime to bear the smell."
966,"A ""brannock"" is the official name for the metal device used in shoe stores to measure the length and width of your foot."
967,"The ""first"" person to ever be issued a pilot's license was Glenn Curtiss, who received License No. 1 in the US."
968,"A ""dysania"" is the state of finding it extremely difficult to get out of bed in the morning."
969,"The ""world's"" oldest known recipe is for beer, found on a Sumerian clay tablet dating back to 1800 BC."
970,"A ""qualtagh"" is the first person you meet after leaving your house on an important day, traditionally believed to bring luck in Manx folklore."
971,"The ""first"" use of ""fingerprinting"" for criminal identification was in Argentina in 1892 to solve a murder case."
972,"A ""snollygoster"" is a 19th-century term for a shrewd, unprincipled person, especially a politician."
973,"The ""world's"" largest ""underground lake"" is Dragon's Breath Cave in Namibia, located 330 feet below the surface."
974,"A ""vampire"" pump is a specialized hand-operated vacuum pump used to sample liquids from drums or tanks."
975,"The ""first"" recorded ""patent"" for a steam engine was granted to Thomas Savery in 1698, nearly a century before James Watt’s version."
976,"A ""pipsissewa"" is a plant whose name comes from the Cree word meaning ""to break into small pieces,"" referring to its supposed ability to break up kidney stones."
977,"The ""world's"" longest ""geological period"" was the Proterozoic Eon, which lasted nearly 2 billion years."
978,"A ""natiform"" object is something that is naturally shaped like a pair of buttocks, such as certain fruits or stones."
979,"The ""first"" ""automobile"" was actually a steam-powered tricycle built by Nicolas-Joseph Cugnot in 1769."
980,"A ""rhinovirus"" is the most common viral infectious agent in humans and is the predominant cause of the common cold."
981,"The ""world's"" largest ""single-dish"" radio telescope is the FAST telescope in China, which has a diameter of 500 meters."
982,"A ""kerf"" is the width of the cut made by a saw blade or torch in a piece of material."
983,"The ""first"" ""commercial"" airplane flight lasted only 23 minutes, traveling between St. Petersburg and Tampa, Florida, in 1914."
984,"A ""scupper"" is an opening in the side walls of an open-air structure or ship that allows water to drain off."
985,"A ""scupper"" is an opening in the side walls of an open-air structure or ship that allows water to drain off."
986,"A ""vorticity"" meter is an instrument used in fluid dynamics to measure the local rotation of a fluid."
987,"The ""first"" ""vacuum cleaner"" was so large it had to be horse-drawn and stayed outside the house while hoses were run through the windows."
988,"A ""zugzwang"" is a situation in chess where a player is put at a disadvantage because they must make a move when they would prefer to do nothing."
989,"The ""world's"" deepest ""natural"" cave is the Veryovkina Cave in Georgia, plunging 7,257 feet down."
990,"A ""gaiter"" is a protective sleeve that covers the gap between your boot and your trousers to keep out debris."
991,"The ""first"" ""recorded"" music was captured by Édouard-Léon Scott de Martinville in 1860 using a ""phonautograph."""
992,"A ""heel-tap"" is the small amount of liquor left in the bottom of a glass after drinking."
993,"The ""world's"" largest ""amphibian"" is the Chinese Giant Salamander, which can grow to nearly 6 feet long."
994,"A ""muntin"" is the thin strip of wood or metal that separates and holds panes of glass in a window."
995,"The ""first"" ""all-metal"" airplane was the Junkers J 1, which flew in 1915."
996,"A ""whipper-snapper"" originally referred to a person who hung around the woods snapping whips to show off."
997,"The ""world's"" oldest ""wooden"" building is the Horyu-ji temple in Japan, constructed in 607 AD."
998,"A ""tessera"" is the individual small square of stone, glass, or tile used to create a mosaic."
999,"The ""first"" ""successful"" submarine attack in history was by the H.L. Hunley during the American Civil War."
1000,"A ""pogonip"" is an icy winter fog that contains frozen water crystals, a term used by the Shoshone people."
1001,"The ""world's"" highest ""navigable"" lake is Lake Titicaca, sitting at 12,507 feet above sea level."
1002,"A ""spile"" is a small wooden peg or brass tube used to tap a tree for sap or to vent a cask of ale."
1003,"The ""first"" ""synthetic"" fiber was Nylon, developed by Wallace Carothers at DuPont in 1935."
1004,"A ""defenestration"" is the act of throwing someone out of a window."
1005,"The ""world's"" largest ""unbroken"" coastline belongs to Canada, spanning over 150,000 miles."
